skew_weight,d,N,L,run,test_rel_error,test_abs_error,train_loss,epochs_run,stopping_reason
0.0,3,64,1,0,0.006909995834032695,0.011189334551493327,0.00018717434525024145,15000,max_epochs
0.0,3,64,1,1,0.006360338568687439,0.01096952986717224,0.00014704330009408296,15000,max_epochs
0.0,3,64,1,2,0.009828755140304565,0.01735689854621887,0.0002636524373665452,15000,max_epochs
0.0,3,64,2,0,0.00041061587631702423,0.0007964486082394918,9.80999845523911e-07,9141,stopping_threshold
0.0,3,64,2,1,0.0004513954284290473,0.0007616870800654093,9.663375403761165e-07,5759,stopping_threshold
0.0,3,64,2,2,0.00036584931115309397,0.0007066116134325664,9.99309430426365e-07,5114,stopping_threshold
0.0,3,64,3,0,0.0003664968758821487,0.000707620124022166,8.808793877506105e-07,6376,stopping_threshold
0.0,3,64,3,1,0.00039432555437088015,0.0007066502372423808,9.598192013982044e-07,7938,stopping_threshold
0.0,3,64,3,2,0.0005241456478834153,0.0010410115520159404,9.550539334668429e-07,5407,stopping_threshold
0.0,3,64,4,0,0.0006466940393050511,0.0012053280075391133,8.830161877995124e-07,14419,stopping_threshold
0.0,3,64,4,1,0.0004944242313504219,0.0008460918664932251,9.547616837153328e-07,9198,stopping_threshold
0.0,3,64,4,2,0.0005251849616567293,0.0010006736516952515,9.625027796573703e-07,6507,stopping_threshold
0.0,3,64,8,0,0.00042797548820575076,0.0008138167858123779,9.826642776715743e-07,6430,stopping_threshold
0.0,3,64,8,1,0.0029400893648465474,0.006510045369466146,9.53954461729154e-05,15000,max_epochs
0.0,3,64,8,2,0.0005509630019466083,0.0010461106499036154,9.87510480626952e-07,6262,stopping_threshold
0.0,3,128,1,0,0.007731440742810567,0.013796947797139485,0.0001776014652568847,15000,max_epochs
0.0,3,128,1,1,0.007445607503255208,0.013665576537450154,0.00020708224049303681,15000,max_epochs
0.0,3,128,1,2,0.0061901582876841225,0.010122585614522298,0.00012948690121993424,15000,max_epochs
0.0,3,128,2,0,0.0004697318747639656,0.0008196990688641866,9.919203548633958e-07,5569,stopping_threshold
0.0,3,128,2,1,0.000519705685476462,0.0008144501447677612,9.402466048413771e-07,6317,stopping_threshold
0.0,3,128,2,2,0.0005438092326124509,0.000868195374806722,9.97465293494315e-07,4951,stopping_threshold
0.0,3,128,3,0,0.0004439955726265907,0.0008420591553052266,8.758751259847486e-07,5375,stopping_threshold
0.0,3,128,3,1,0.0004646627182761828,0.0008265372514724732,9.86709722383239e-07,7961,stopping_threshold
0.0,3,128,3,2,0.00044140495359897615,0.0007840233246485392,9.526798971819517e-07,6711,stopping_threshold
0.0,3,128,4,0,0.0004572755992412567,0.0008261421124140421,9.939564306478132e-07,7158,stopping_threshold
0.0,3,128,4,1,0.0004967998216549556,0.0008601087927818298,9.82486957582296e-07,7009,stopping_threshold
0.0,3,128,4,2,0.00043064361065626143,0.0007725885113080343,7.716899172010017e-07,9601,stopping_threshold
0.0,3,128,8,0,0.0004919529532392819,0.0009032752911249796,9.83083942628582e-07,6211,stopping_threshold
0.0,3,128,8,1,0.0004137467270096143,0.0007483895023663839,8.919102851905336e-07,12585,stopping_threshold
0.0,3,128,8,2,0.00044526890168587366,0.0007828903794288635,9.482254572503734e-07,8446,stopping_threshold
0.0,3,256,1,0,0.006357986688613892,0.01012842583656311,0.00012250041251536458,15000,max_epochs
0.0,3,256,1,1,0.0064551922082901,0.0112512313524882,0.00015520683070644736,15000,max_epochs
0.0,3,256,1,2,0.013123762448628744,0.02578685776392619,0.0006961731370538473,15000,max_epochs
0.0,3,256,2,0,0.00035814220706621805,0.0007102640668551128,9.632574292481876e-07,5062,stopping_threshold
0.0,3,256,2,1,0.0004309042990207672,0.0007732879320780437,9.690646984381602e-07,5626,stopping_threshold
0.0,3,256,2,2,0.0005568075329065323,0.0010646580656369527,9.937410586644545e-07,5360,stopping_threshold
0.0,3,256,3,0,0.00045274330178896586,0.0008104355533917745,8.395605268560757e-07,4882,stopping_threshold
0.0,3,256,3,1,0.000565438653031985,0.0010419071118036906,7.394365379695955e-07,9290,stopping_threshold
0.0,3,256,3,2,0.00041811197996139527,0.0007744507590929667,8.659006357447652e-07,6319,stopping_threshold
0.0,3,256,4,0,0.0004618965511520704,0.0008025167783101399,9.034386584971799e-07,9331,stopping_threshold
0.0,3,256,4,1,0.0004496380239725113,0.0008317514459292094,9.202559026562085e-07,6410,stopping_threshold
0.0,3,256,4,2,0.00039140735814968745,0.0006957468787829081,8.006998968994594e-07,6056,stopping_threshold
0.0,3,256,8,0,0.0004854522595802943,0.0009117631713549296,9.792343726076068e-07,5240,stopping_threshold
0.0,3,256,8,1,0.00045269788304964703,0.0008313425183296203,9.924263176799287e-07,11398,stopping_threshold
0.0,3,256,8,2,0.00038423926134904227,0.0007213758627573649,9.87723573416588e-07,8372,stopping_threshold
0.0,3,1024,1,0,0.005867856899897258,0.009642947435379029,0.00013241803110577166,15000,max_epochs
0.0,3,1024,1,1,0.005726567208766937,0.009707879066467286,0.00012900449603330344,15000,max_epochs
0.0,3,1024,1,2,0.008803626616795858,0.016121126333872478,0.0002549304042477161,15000,max_epochs
0.0,3,1024,2,0,0.0004284906908869743,0.0007903225421905518,9.450859156459046e-07,5559,stopping_threshold
0.0,3,1024,2,1,0.000403602493306001,0.0007424286802609762,9.862713859547512e-07,7263,stopping_threshold
0.0,3,1024,2,2,0.00035606474926074347,0.0006703653335571289,7.025175109447446e-07,7246,stopping_threshold
0.0,3,1024,3,0,0.0004892437184850375,0.000857684592405955,9.501310023551923e-07,3922,stopping_threshold
0.0,3,1024,3,1,0.0004152000720302264,0.0007317870855331421,9.830212729866617e-07,5086,stopping_threshold
0.0,3,1024,3,2,0.0003431230758627256,0.0006773894429206849,9.855775865617033e-07,8048,stopping_threshold
0.0,3,1024,4,0,0.0005304907038807869,0.0008835658629735311,9.962010608433046e-07,5968,stopping_threshold
0.0,3,1024,4,1,0.0004656236469745636,0.0008408910632133484,9.8441477985034e-07,9050,stopping_threshold
0.0,3,1024,4,2,0.00040503566960493724,0.000786674439907074,9.94568727492151e-07,7469,stopping_threshold
0.0,3,1024,8,0,0.0004371805985768636,0.0007645075917243957,9.493771672168805e-07,8198,stopping_threshold
0.0,3,1024,8,1,0.0005081892187396686,0.0008994503617286682,9.879546641968773e-07,11116,stopping_threshold
0.0,3,1024,8,2,0.0044564675092697145,0.008460746725400288,6.906733667710795e-05,15000,max_epochs
0.04,3,64,1,0,0.014731545368830362,0.02571264600753784,0.0008778985003009439,15000,max_epochs
0.04,3,64,1,1,0.01465362842877706,0.026621790250142417,0.0010149172954261303,15000,max_epochs
0.04,3,64,1,2,0.014189175049463909,0.025158217906951906,0.0008870050883851945,15000,max_epochs
0.04,3,64,2,0,0.010962554057439169,0.018977736155192056,0.0004015122673008591,15000,max_epochs
0.04,3,64,2,1,0.01368537712097168,0.024686749617258707,0.000760146061424166,15000,max_epochs
0.04,3,64,2,2,0.01351156242688497,0.023910992304484048,0.0006295788288116455,15000,max_epochs
0.04,3,64,3,0,0.0108693794409434,0.018208866914113362,0.00025931243668310346,15000,max_epochs
0.04,3,64,3,1,0.01023214848836263,0.018704277753829955,0.00023491804499644787,15000,max_epochs
0.04,3,64,3,2,0.011224468946456909,0.018338024059931436,0.00022677564562764019,15000,max_epochs
0.04,3,64,4,0,0.007317147413889567,0.01154801885286967,9.513339085970074e-05,15000,max_epochs
0.04,3,64,4,1,0.008875781536102295,0.016619061787923176,0.0003436107714660466,15000,max_epochs
0.04,3,64,4,2,0.008579749663670857,0.014661600271860758,0.0002347896504215896,15000,max_epochs
0.04,3,64,8,0,0.004946414510409038,0.008653200149536133,0.00010029139328980818,15000,max_epochs
0.04,3,64,8,1,0.005287347793579101,0.009544362346331279,3.344895478221588e-05,15000,max_epochs
0.04,3,64,8,2,0.006320294499397278,0.011647694269816081,6.095218990230933e-05,15000,max_epochs
0.04,3,128,1,0,0.014497081438700357,0.026991563002268473,0.0008780956068076193,15000,max_epochs
0.04,3,128,1,1,0.0153121337890625,0.028003645420074462,0.000936581214889884,15000,max_epochs
0.04,3,128,1,2,0.014181001583735147,0.025470061461130778,0.0008454912952147424,15000,max_epochs
0.04,3,128,2,0,0.010535744905471801,0.01837136697769165,0.0003627883130684495,15000,max_epochs
0.04,3,128,2,1,0.011480995019276937,0.020515716473261517,0.0005113732893951237,15000,max_epochs
0.04,3,128,2,2,0.011696976979573568,0.021189390023549397,0.0004808370019309223,15000,max_epochs
0.04,3,128,3,0,0.009195716063181559,0.015650871594746908,0.00017787651414982974,15000,max_epochs
0.04,3,128,3,1,0.00876461386680603,0.01561049485206604,0.00019201199046801776,15000,max_epochs
0.04,3,128,3,2,0.009287363648414612,0.01552716604868571,0.00040816737501882017,15000,max_epochs
0.04,3,128,4,0,0.0060697052081425985,0.011011757453282674,0.0001243718194309622,15000,max_epochs
0.04,3,128,4,1,0.005430266559123993,0.009586705684661865,9.661585657158867e-05,15000,max_epochs
0.04,3,128,4,2,0.007135611335436503,0.012365427811940511,0.0002275361710926518,15000,max_epochs
0.04,3,128,8,0,0.004357011715571086,0.007313310941060384,3.316650533815846e-05,15000,max_epochs
0.04,3,128,8,1,0.008508129676183064,0.015858399232228596,0.0002672585351392627,15000,max_epochs
0.04,3,128,8,2,0.005643406271934509,0.010491709470748902,4.826707547181286e-05,15000,max_epochs
0.04,3,256,1,0,0.013668604532877604,0.024688048044840493,0.0008655568584799766,15000,max_epochs
0.04,3,256,1,1,0.014430746793746948,0.026182366053263347,0.0010004387833178043,15000,max_epochs
0.04,3,256,1,2,0.013945351441701254,0.024734419822692873,0.0007878776509314775,15000,max_epochs
0.04,3,256,2,0,0.01051666537920634,0.01918597682317098,0.0004989494262263179,15000,max_epochs
0.04,3,256,2,1,0.012266826550165812,0.02215096696217855,0.0006375551237724721,15000,max_epochs
0.04,3,256,2,2,0.010077393134435017,0.017817658106486004,0.00045778570999391375,15000,max_epochs
0.04,3,256,3,0,0.00828118360042572,0.014358830769856772,0.00021196893218439073,15000,max_epochs
0.04,3,256,3,1,0.007810046235720317,0.014936895211537678,0.00017832267167977987,15000,max_epochs
0.04,3,256,3,2,0.008950894157091776,0.015398560365041097,0.000306881409836933,15000,max_epochs
0.04,3,256,4,0,0.00595475838581721,0.010973245938618977,0.0001266524095553905,15000,max_epochs
0.04,3,256,4,1,0.004240019142627716,0.007305460015932719,3.645571364904754e-05,15000,max_epochs
0.04,3,256,4,2,0.0060667428175608315,0.01070361872514089,0.00013399948761798442,15000,max_epochs
0.04,3,256,8,0,0.006453161756197611,0.012224386771519978,6.751392805017531e-05,15000,max_epochs
0.04,3,256,8,1,0.0037814417084058127,0.006383395711580912,2.1094744835863822e-05,15000,max_epochs
0.04,3,256,8,2,0.006178072214126587,0.010614286224047344,0.00010444591956911609,15000,max_epochs
0.04,3,1024,1,0,0.01329183316230774,0.0243007869720459,0.0008452002136036754,15000,max_epochs
0.04,3,1024,1,1,0.01384894307454427,0.025411720275878905,0.0009371676985174417,15000,max_epochs
0.04,3,1024,1,2,0.013673565546671549,0.024391782760620116,0.0009050386287271976,15000,max_epochs
0.04,3,1024,2,0,0.009933728655179342,0.018108680725097658,0.0005589008633978665,15000,max_epochs
0.04,3,1024,2,1,0.011695470492045085,0.022266239802042644,0.0005764216873794794,15000,max_epochs
0.04,3,1024,2,2,0.009930983225504557,0.017700879096984864,0.0005028999766800553,15000,max_epochs
0.04,3,1024,3,0,0.005863515337308248,0.010722819089889526,0.00013191348034888507,15000,max_epochs
0.04,3,1024,3,1,0.0057307950258255,0.010181059718132018,0.00017612910410389303,15000,max_epochs
0.04,3,1024,3,2,0.0059152348836263025,0.010702693780263265,0.00011920870223548263,15000,max_epochs
0.04,3,1024,4,0,0.0043604789574941,0.007933840711911519,0.0001305619176127948,15000,max_epochs
0.04,3,1024,4,1,0.005386490046977997,0.009835521697998046,8.119960999465547e-05,15000,max_epochs
0.04,3,1024,4,2,0.0036998185912768045,0.006400388916333517,3.794535115594044e-05,15000,max_epochs
0.04,3,1024,8,0,0.0032958463231722514,0.005850135405858358,3.376301781099755e-05,15000,max_epochs
0.04,3,1024,8,1,0.004611907323201497,0.00889691678682963,5.312000997946598e-05,15000,max_epochs
0.04,3,1024,8,2,0.003506774922211965,0.006569940328598023,1.905511156655848e-05,15000,max_epochs
