config,d,N,L,run,test_rel_error,test_abs_error,train_loss,epochs_run,stopping_reason
const,0,128,0,0,0.0104414228995641,0.020986001809438,0.0007104772739112,8000,max_epochs
const,0,128,0,1,0.0102982359727223,0.0207049845854441,0.0006851306566968,8000,max_epochs
const,0,128,0,2,0.0104316101074218,0.0209864517847696,0.0006704282695427,8000,max_epochs
const,0,128,1,0,0.000386378104488,0.0007762328386306,9.935761636370443e-07,379,stopping_threshold
const,0,128,1,1,0.0003904386858145,0.0007856172720591,9.659131728767533e-07,609,stopping_threshold
const,0,128,1,2,0.0003365279088417,0.000675311088562,9.959830858861096e-07,434,stopping_threshold
const,0,128,2,0,0.00037888665994,0.0007622285683949,9.923680072461138e-07,542,stopping_threshold
const,0,128,2,1,0.0004735399360458,0.0009565682013829,9.929349726007783e-07,415,stopping_threshold
const,0,128,2,2,0.0003869436457753,0.0007791315317153,9.94619414996123e-07,431,stopping_threshold
const,0,128,3,0,0.0003641092379887,0.0007326547304789,9.54682958763442e-07,246,stopping_threshold
const,0,128,3,1,0.0003979912797609,0.0008026935259501,9.689061016615596e-07,457,stopping_threshold
const,0,128,3,2,0.0003830863460898,0.0007716536124547,9.870501580735435e-07,435,stopping_threshold
const,0,128,4,0,0.0004052850206693,0.0008149362802505,9.910064782161498e-07,324,stopping_threshold
const,0,128,4,1,0.0004073369180162,0.0008207195599873,9.965525396182784e-07,548,stopping_threshold
const,0,128,4,2,0.0003813758641481,0.0007682799100875,8.754260397836333e-07,2607,stopping_threshold
const,0,128,8,0,0.0003977106710275,0.0007988911867141,9.98821447865339e-07,2725,stopping_threshold
const,0,128,8,1,0.0004002231930692,0.0008052620093027,9.983022710002843e-07,713,stopping_threshold
const,0,128,8,2,0.0003921102111538,0.0007898576259613,9.896327446767827e-07,379,stopping_threshold
const,0,1024,0,0,0.0036013781428337,0.0072450354894002,8.617127873003483e-05,8000,max_epochs
const,0,1024,0,1,0.0037328184843063,0.0075083419879277,8.702984993578866e-05,8000,max_epochs
const,0,1024,0,2,0.0035974775354067,0.0072337815364201,8.39405240258202e-05,8000,max_epochs
const,0,1024,1,0,0.000403648669521,0.0008112159967422,9.97628941149742e-07,569,stopping_threshold
const,0,1024,1,1,0.0004058432057499,0.000815729022026,9.992024624807528e-07,2497,stopping_threshold
const,0,1024,1,2,0.0003625676756103,0.0007291570107142,8.809404566818557e-07,1040,stopping_threshold
const,0,1024,2,0,0.0003874362185597,0.0007792049249013,9.99843695353775e-07,1764,stopping_threshold
const,0,1024,2,1,0.0004039827982584,0.0008123222589492,9.974374288503895e-07,1934,stopping_threshold
const,0,1024,2,2,0.0003744244699676,0.0007533988157908,9.199172718581394e-07,2450,stopping_threshold
const,0,1024,3,0,0.0003899039700627,0.0007847436666488,9.951041665772209e-07,459,stopping_threshold
const,0,1024,3,1,0.0004050310676296,0.000814007282257,9.837552729550226e-07,1406,stopping_threshold
const,0,1024,3,2,0.0004915835460027,0.0009861950874328,9.699089732748688e-07,2287,stopping_threshold
const,0,1024,4,0,0.0004100663438439,0.0008260838190714,9.67544412560528e-07,701,stopping_threshold
const,0,1024,4,1,0.0004031104048093,0.0008104968070983,9.965050826394871e-07,3382,stopping_threshold
const,0,1024,4,2,0.0004209318434198,0.0008453072706858,9.955445716514078e-07,2130,stopping_threshold
const,0,1024,8,0,0.000389782761534,0.0007843475739161,9.997087090596325e-07,1596,stopping_threshold
const,0,1024,8,1,0.0004042357032497,0.000812773267428,9.984329853978124e-07,2514,stopping_threshold
const,0,1024,8,2,0.0003868902946511,0.0007785923480987,9.575965341355186e-07,1748,stopping_threshold
mu,1,128,0,0,0.2850141906738281,0.5003247731526693,0.3360205559730529,8000,max_epochs
mu,1,128,0,1,0.288291316986084,0.5053976008097331,0.3379090440273284,8000,max_epochs
mu,1,128,0,2,0.2884483273824056,0.501516835530599,0.3143658628463745,8000,max_epochs
mu,1,128,1,0,0.0007239841520786,0.0012283023794492,2.3376462850137613e-06,8000,max_epochs
mu,1,128,1,1,0.0007002304842074,0.0011988799969355,2.483230126017588e-06,8000,max_epochs
mu,1,128,1,2,0.0013948205510775,0.0027091710567474,1.0721702259615996e-05,8000,max_epochs
mu,1,128,2,0,0.0008005213265617,0.0013999227086702,2.8237918759259627e-06,8000,max_epochs
mu,1,128,2,1,0.0008626575320959,0.0015889676213264,4.246208909535199e-06,8000,max_epochs
mu,1,128,2,2,0.0019807806412378,0.0040205387274424,9.218023289577104e-06,8000,max_epochs
mu,1,128,3,0,0.000715105416874,0.0012036755681037,2.4497942795278505e-06,8000,max_epochs
mu,1,128,3,1,0.0007021373584866,0.0011947783231735,2.313972698175348e-06,8000,max_epochs
mu,1,128,3,2,0.0024540142814318,0.0048769636948903,2.7793504457804376e-05,8000,max_epochs
mu,1,128,4,0,0.001538723707199,0.002888612806797,1.2106008987757376e-05,8000,max_epochs
mu,1,128,4,1,0.002171971698602,0.0043745559453964,2.6295512157958e-05,8000,max_epochs
mu,1,128,4,2,0.0020802638928095,0.0042227212190628,1.7709628198645076e-05,8000,max_epochs
mu,1,128,8,0,0.0007187844415505,0.0012127990523974,2.538774779168307e-06,8000,max_epochs
mu,1,128,8,1,0.002517985065778,0.0051227779388427,4.146103544917423e-05,8000,max_epochs
mu,1,128,8,2,0.0060737771987915,0.0123876554965972,0.0001139655908336,8000,max_epochs
mu,1,1024,0,0,0.2840309626261393,0.4994603093465169,0.3342726728916168,8000,max_epochs
mu,1,1024,0,1,0.2885149014790852,0.5058456802368164,0.3370585634708404,8000,max_epochs
mu,1,1024,0,2,0.2880467389424642,0.5008930206298828,0.3137496018409729,8000,max_epochs
mu,1,1024,1,0,0.000410709383587,0.0007814462184906,9.88022577985248e-07,102,stopping_threshold
mu,1,1024,1,1,0.0004803173144658,0.0008424340089162,9.909783334478562e-07,164,stopping_threshold
mu,1,1024,1,2,0.0004344434961676,0.0008261020580927,9.868421675491846e-07,101,stopping_threshold
mu,1,1024,2,0,0.0004384038721521,0.0007616964578628,9.828484817262506e-07,91,stopping_threshold
mu,1,1024,2,1,0.000455217624704,0.000733457605044,9.951858423846717e-07,46,stopping_threshold
mu,1,1024,2,2,0.0004948895573616,0.0007931046088536,9.91812446500262e-07,135,stopping_threshold
mu,1,1024,3,0,0.0004440948441624,0.0007482667366663,9.843360057857354e-07,85,stopping_threshold
mu,1,1024,3,1,0.0004469846238692,0.0007578713099161,9.47954551975272e-07,63,stopping_threshold
mu,1,1024,3,2,0.0004739848971366,0.0008651576042175,9.875826758616314e-07,137,stopping_threshold
mu,1,1024,4,0,0.0004319528018434,0.000820002357165,9.925743793246512e-07,140,stopping_threshold
mu,1,1024,4,1,0.0004592778608202,0.0007759454250335,9.936279366229428e-07,71,stopping_threshold
mu,1,1024,4,2,0.0004377215653657,0.000833169778188,9.981697503462785e-07,264,stopping_threshold
mu,1,1024,8,0,0.0004318534533182,0.0007664314111073,9.83749247097876e-07,81,stopping_threshold
mu,1,1024,8,1,0.000432749249041,0.0008013665278752,9.465062194067288e-07,176,stopping_threshold
mu,1,1024,8,2,0.0004909349655111,0.000791679461797,9.921308069351654e-07,129,stopping_threshold
mu+sig,2,128,0,0,0.2843382848103841,0.4999103622436523,0.3344347808361053,8000,max_epochs
mu+sig,2,128,0,1,0.2879922726949056,0.5052583974202474,0.3365656795501709,8000,max_epochs
mu+sig,2,128,0,2,0.287770751953125,0.5011366704305013,0.3140216302871704,8000,max_epochs
mu+sig,2,128,1,0,0.0038115157882372,0.0069483111699422,7.4851353187114e-05,8000,max_epochs
mu+sig,2,128,1,1,0.0048335345387458,0.0091095696687698,0.0001151975957909,8000,max_epochs
mu+sig,2,128,1,2,0.0034772565762201,0.0061786009470621,7.434962526895105e-05,8000,max_epochs
mu+sig,2,128,2,0,0.0004195410311222,0.0008387767275174,9.747120793690557e-07,6560,stopping_threshold
mu+sig,2,128,2,1,0.0004261196727554,0.0007937656641006,9.87080992672418e-07,4259,stopping_threshold
mu+sig,2,128,2,2,0.0004479162072141,0.0008344239592552,9.945622905433994e-07,4577,stopping_threshold
mu+sig,2,128,3,0,0.0003945913339654,0.0007427047689755,8.495525194121001e-07,2514,stopping_threshold
mu+sig,2,128,3,1,0.000371544038256,0.0007544062534968,9.918417754306574e-07,3696,stopping_threshold
mu+sig,2,128,3,2,0.0005049996177355,0.000943596680959,8.979452859421145e-07,7194,stopping_threshold
mu+sig,2,128,4,0,0.0003744373867909,0.0007301712830861,9.618580102142004e-07,4509,stopping_threshold
mu+sig,2,128,4,1,0.0004407528564333,0.0008406873146692,9.917948646034347e-07,6182,stopping_threshold
mu+sig,2,128,4,2,0.0004151557510097,0.00082108126084,9.994464930969117e-07,4801,stopping_threshold
mu+sig,2,128,8,0,0.0004275869304935,0.0008366087873776,9.888926724670456e-07,5051,stopping_threshold
mu+sig,2,128,8,1,0.0040318638086318,0.0089325135151545,0.0001251125482376,8000,max_epochs
mu+sig,2,128,8,2,0.0004174039413531,0.0007868747313817,9.513971122032672e-07,3808,stopping_threshold
mu+sig,2,1024,0,0,0.2834036076863607,0.4990474039713541,0.3327856588363647,8000,max_epochs
mu+sig,2,1024,0,1,0.2880100987752279,0.5055228042602539,0.336239773273468,8000,max_epochs
mu+sig,2,1024,0,2,0.2871942774454752,0.5004696375528971,0.313774667263031,8000,max_epochs
mu+sig,2,1024,1,0,0.0041191651821136,0.0078442769447962,0.0001150104157859,8000,max_epochs
mu+sig,2,1024,1,1,0.0047649093468983,0.0089762658675511,0.0001120921078836,8000,max_epochs
mu+sig,2,1024,1,2,0.0048553512891133,0.0091857592264811,0.0001108509667101,8000,max_epochs
mu+sig,2,1024,2,0,0.0003495841498176,0.0007274466753005,9.777850054888404e-07,6033,stopping_threshold
mu+sig,2,1024,2,1,0.0004248882556955,0.0007791601419448,9.392683232363196e-07,3198,stopping_threshold
mu+sig,2,1024,2,2,0.0003989355539282,0.0008084057966868,9.936870474120951e-07,3904,stopping_threshold
mu+sig,2,1024,3,0,0.0004558775375286,0.0008571462233861,9.804342453207936e-07,2829,stopping_threshold
mu+sig,2,1024,3,1,0.0003943140755097,0.0008024435440699,9.292348267990746e-07,3791,stopping_threshold
mu+sig,2,1024,3,2,0.0009559825559457,0.00166282025973,3.910358287976124e-05,8000,max_epochs
mu+sig,2,1024,4,0,0.0004376888250311,0.0008447257280349,9.271649778384016e-07,6263,stopping_threshold
mu+sig,2,1024,4,1,0.0004500595827897,0.00089433435599,8.851875081745675e-07,7949,stopping_threshold
mu+sig,2,1024,4,2,0.0003675339793165,0.0007477246522903,8.986218449535954e-07,5656,stopping_threshold
mu+sig,2,1024,8,0,0.0003792163754502,0.0007425291935602,9.532743019917689e-07,4958,stopping_threshold
mu+sig,2,1024,8,1,0.0003756721864144,0.0007205360730489,8.437211113232479e-07,4113,stopping_threshold
mu+sig,2,1024,8,2,0.0037877232432365,0.0073974095582962,1.353775168536231e-05,8000,max_epochs
mu+sig+eps,3,128,0,0,0.3147195040384928,0.5322621383666992,0.3997998280525207,8000,max_epochs
mu+sig+eps,3,128,0,1,0.3143973642985026,0.5359236170450846,0.3891194579601288,8000,max_epochs
mu+sig+eps,3,128,0,2,0.3170391324361165,0.5332172470092773,0.3814452946186065,8000,max_epochs
mu+sig+eps,3,128,1,0,0.0058251891533533,0.009921460310618,0.0001459118494531,8000,max_epochs
mu+sig+eps,3,128,1,1,0.0077345388730367,0.0142580482165018,0.0002724514724686,8000,max_epochs
mu+sig+eps,3,128,1,2,0.0059422558148701,0.0103342776695887,0.0001417880128137,8000,max_epochs
mu+sig+eps,3,128,2,0,0.0037270763119061,0.0073959358135859,9.953776601469144e-05,8000,max_epochs
mu+sig+eps,3,128,2,1,0.0041112683415412,0.0086482818921407,2.080581520567648e-05,8000,max_epochs
mu+sig+eps,3,128,2,2,0.0015792940457661,0.0027126323978106,5.437754197919276e-05,8000,max_epochs
mu+sig+eps,3,128,3,0,0.0004905699739853,0.0008484292229016,9.482626537646866e-07,4662,stopping_threshold
mu+sig+eps,3,128,3,1,0.0005029687285423,0.0008888273835182,9.96171240331023e-07,7191,stopping_threshold
mu+sig+eps,3,128,3,2,0.0004824038520455,0.0008485148747762,9.82104024842556e-07,6942,stopping_threshold
mu+sig+eps,3,128,4,0,0.0013510543406009,0.0025927706162134,3.483368633897044e-05,8000,max_epochs
mu+sig+eps,3,128,4,1,0.000580013329784,0.0010310074885686,8.604144336459285e-07,6959,stopping_threshold
mu+sig+eps,3,128,4,2,0.0037711881399154,0.0073753357330958,4.213851955137216e-05,8000,max_epochs
mu+sig+eps,3,128,8,0,0.005021032889684,0.0096036089261372,6.021220941329375e-05,8000,max_epochs
mu+sig+eps,3,128,8,1,0.0004506472473343,0.0008147248228391,9.560357375448802e-07,5518,stopping_threshold
mu+sig+eps,3,128,8,2,0.000429259729882,0.000811667283376,9.746569007802464e-07,7601,stopping_threshold
mu+sig+eps,3,1024,0,0,0.3135074030558268,0.5311030578613282,0.397360720872879,8000,max_epochs
mu+sig+eps,3,1024,0,1,0.3148342755635579,0.5371409708658854,0.3873495643138885,8000,max_epochs
mu+sig+eps,3,1024,0,2,0.3164064852396647,0.5319901580810547,0.3802964091300964,8000,max_epochs
mu+sig+eps,3,1024,1,0,0.006455176671346,0.0120365761915842,0.0002287353035062,8000,max_epochs
mu+sig+eps,3,1024,1,1,0.0062271380821863,0.0110507033665974,0.0001491739036282,8000,max_epochs
mu+sig+eps,3,1024,1,2,0.006914219379425,0.012340252161026,0.0001906702799024,8000,max_epochs
mu+sig+eps,3,1024,2,0,0.0004715059871474,0.0008544043302536,9.403483873029472e-07,6799,stopping_threshold
mu+sig+eps,3,1024,2,1,0.0005081015999118,0.0008453016877174,9.447609054404892e-07,5894,stopping_threshold
mu+sig+eps,3,1024,2,2,0.0023635517557462,0.0044561552206675,8.097019053820986e-06,8000,max_epochs
mu+sig+eps,3,1024,3,0,0.0005570327093203,0.0010102292100588,9.745926017785678e-07,7081,stopping_threshold
mu+sig+eps,3,1024,3,1,0.0009298901210228,0.0017578381896018,4.294462425605161e-05,8000,max_epochs
mu+sig+eps,3,1024,3,2,0.0005834731186429,0.0010256264011065,9.479811114943004e-07,6317,stopping_threshold
mu+sig+eps,3,1024,4,0,0.0050404797792434,0.0104887819290161,0.0001131326491013,8000,max_epochs
mu+sig+eps,3,1024,4,1,0.0005422292873263,0.0010004287362098,9.843335037658109e-07,5425,stopping_threshold
mu+sig+eps,3,1024,4,2,0.0004271912922461,0.0008096383213996,9.995145428547405e-07,5654,stopping_threshold
mu+sig+eps,3,1024,8,0,0.0039286655386288,0.0071441015005111,1.4715487748617308e-05,8000,max_epochs
mu+sig+eps,3,1024,8,1,0.0003986574870844,0.000740602393945,9.702831894173869e-07,7801,stopping_threshold
mu+sig+eps,3,1024,8,2,0.0004071015094717,0.0007619711160659,9.417177188879578e-07,6963,stopping_threshold
